{
  "parameters": {
    "num_seeds": 200,
    "episodes": 100
  },
  "conditions": {
    "None (Baseline)": {
      "mean": 0.6043,
      "std": 0.04948488424604246,
      "ci_95": [
        0.5974417449455448,
        0.6111582550544551
      ],
      "preference_shift": 0.035575
    },
    "Memory Only": {
      "mean": 0.69165,
      "std": 0.04906950766937215,
      "ci_95": [
        0.6848493132019903,
        0.6984506867980097
      ],
      "preference_shift": 0.13485
    },
    "Identity Only": {
      "mean": 0.62355,
      "std": 0.04881405082339454,
      "ci_95": [
        0.6167847177145362,
        0.6303152822854639
      ],
      "preference_shift": 0.05205
    },
    "Values Only": {
      "mean": 0.60065,
      "std": 0.04857856404240569,
      "ci_95": [
        0.5939173545172808,
        0.6073826454827193
      ],
      "preference_shift": 0.03495
    },
    "Memory + Identity": {
      "mean": 0.6862,
      "std": 0.05160304614903364,
      "ci_95": [
        0.6790481826830747,
        0.6933518173169254
      ],
      "preference_shift": 0.141875
    },
    "Memory + Values": {
      "mean": 0.68945,
      "std": 0.05115939717782051,
      "ci_95": [
        0.6823596692934929,
        0.6965403307065071
      ],
      "preference_shift": 0.140375
    },
    "Identity + Values": {
      "mean": 0.61785,
      "std": 0.049983690807439064,
      "ci_95": [
        0.6109226138831403,
        0.6247773861168597
      ],
      "preference_shift": 0.04995
    },
    "Full System": {
      "mean": 0.6869,
      "std": 0.050279520192159435,
      "ci_95": [
        0.6799316140221943,
        0.6938683859778056
      ],
      "preference_shift": 0.141375
    }
  },
  "comparisons": {
    "Memory Only": {
      "mean": 0.69165,
      "ci": [
        0.6848493132019903,
        0.6984506867980097
      ],
      "diff_pct": 14.454741022670866,
      "cohens_d": 1.7726094694631118,
      "p_value": 0.0,
      "significant": true
    },
    "Identity Only": {
      "mean": 0.62355,
      "ci": [
        0.6167847177145362,
        0.6303152822854639
      ],
      "diff_pct": 3.185503888796972,
      "cohens_d": 0.39165331220463123,
      "p_value": 8.983147870256225e-05,
      "significant": true
    },
    "Values Only": {
      "mean": 0.60065,
      "ci": [
        0.5939173545172808,
        0.6073826454827193
      ],
      "diff_pct": -0.6040046334601905,
      "cohens_d": -0.07443842096073634,
      "p_value": 0.45664406907844435,
      "significant": false
    },
    "Memory + Identity": {
      "mean": 0.6862,
      "ci": [
        0.6790481826830747,
        0.6933518173169254
      ],
      "diff_pct": 13.552871090517971,
      "cohens_d": 1.620015886451392,
      "p_value": 0.0,
      "significant": true
    },
    "Memory + Values": {
      "mean": 0.68945,
      "ci": [
        0.6823596692934929,
        0.6965403307065071
      ],
      "diff_pct": 14.09068343537979,
      "cohens_d": 1.6918639706887195,
      "p_value": 0.0,
      "significant": true
    },
    "Identity + Values": {
      "mean": 0.61785,
      "ci": [
        0.6109226138831403,
        0.6247773861168597
      ],
      "diff_pct": 2.242263776270075,
      "cohens_d": 0.27244443026384113,
      "p_value": 0.0064409793252027114,
      "significant": true
    },
    "Full System": {
      "mean": 0.6869,
      "ci": [
        0.6799316140221943,
        0.6938683859778056
      ],
      "diff_pct": 13.668707595565118,
      "cohens_d": 1.6558487044552972,
      "p_value": 0.0,
      "significant": true
    }
  },
  "memory_analysis": {
    "preference_shift_mean": 0.13485,
    "preference_shift_std": 0.05095546878397818,
    "correlation_shift_success": 0.16299061494010014
  }
}